from,to
OJHR,LA-0001
OJHR,KR-0057
OJHR,LA-0006
OJHR,VRBK
OJHR,UG28
OJHR,LA-0005
OJHR,GE-0003
OJHR,WIOS
OJHR,VCCC
OJHR,UAFL
OJHR,RK39
OJHR,UG22
OJHR,VCCN
OJHR,WAPC
OJHR,UGSS
OJHR,IQ-0055
OJHR,LK-0004
OJHR,LVGZ
VLXK,QJP
VLXK,KP-0035
VLXK,MV-0007
VLXK,RK25
VLXK,VREI
VLXK,KP-0085
VLXK,GE-0001
VLXK,KP-0005
VLXK,VLSV
VLXK,WABC
VLXK,IQ-0036
VLXK,LK-0002
VLXK,VRMM
VLXK,MV-0004
VLXK,OTHH
VLXK,KG-0014
VLXK,DWO
VLXK,VLVT
VLXK,KP-0055
VLXK,VMMC
VLXL,KP-0070
VLXL,WIDS
VLXL,ID-0077
VLXL,OTBK
VLXL,VRMT
VLXL,DBK
VLXL,ORTL
VLXL,JO-0015
VLXL,VLSB
VLXL,VCCJ
VLXL,LK-0003
VLXL,ID-0083
VLXL,WIIK
VLXL,KEZ
VLXL,UG22
HK-0063,ID-0139
HK-0063,JO-0003
HK-0063,QA-0014
HK-0063,ID-0167
HK-0063,HK-0099
HK-0063,DBU
HK-0063,HK-0008
HK-0063,KR-0057
HK-0063,OTBK
HK-0063,KG-0007
HK-0063,VLHS
HK-0063,KG-0028
HK-0063,IQ-0023
HK-0063,LA-0003
HK-0063,DWO
HK-0063,KP-0001
HK-0063,PS-0002
UG0U,KG-0032
UG0U,ID-0062
UG0U,MV-0007
UG0U,WABC
UG0U,WASB
UG0U,VLOS
UG0U,DBU
UG0U,HK-0081
UG0U,JO-0003
UG0U,ORTL
UG0U,RKTE
UG0U,VLHS
UG0U,JO-0008
UG0U,ID-0176
UG0U,VRMO
UG0U,KP-0013
UG0U,LK-0003
UG0U,KG-0007
VRDA,WIOS
VRDA,GE-0001
VRDA,KDW
VRDA,MV-0012
VRDA,VLPS
VRDA,IQ-0023
VRDA,HK-0002
VRDA,OJMF
VRDA,LA-0003
VRDA,VCCW
VRDA,ID-0011
VRDA,KP-0005
VRDA,IQ-0005
VRDA,RKTI
VRDA,LK-0006
ID-0077,GE-0015
ID-0077,DWO
ID-0077,VLXL
ID-0077,RKRN
ID-0077,VHHX
ID-0077,VLOS
ID-0077,OJ38
ID-0077,OTHH
ID-0077,KP-0055
ID-0077,JO-0004
ID-0077,VLPS
ID-0077,KP-0082
ID-0077,KG-0027
ID-0077,LA-0001
ID-0077,GE-0011
ID-0077,PS-0002
RKRN,VLAP
RKRN,LA-0002
RKRN,RK17
RKRN,JO-0009
RKRN,ID-0077
RKRN,VLSK
RKRN,IQ-0013
RKRN,GE-0001
RKRN,KP-0024
RKRN,JO-0007
RKRN,KP-0019
RKRN,GE-0017
RKRN,VLSN
RKRN,IQ-0019
RKRN,LVGZ
WAPC,UGSS
WAPC,LLAZ
WAPC,WABC
WAPC,VREI
WAPC,WIOS
WAPC,KP-0058
WAPC,OJAQ
WAPC,GE-0001
WAPC,KG-0005
WAPC,QA-0009
WAPC,IQ-0010
WAPC,FND
WAPC,OJHR
WAPC,KP-0082
WAPC,PS-0001
WAPC,RKTE
WAPC,VLSB
UGAM,KR-0611
UGAM,QA-0012
UGAM,VCCS
UGAM,VLSN
UGAM,GE-0006
UGAM,KG-0035
UGAM,MV-0010
UGAM,UG28
UGAM,VCCN
UGAM,LA-0001
UGAM,PCQ
UGAM,ID-0083
UGAM,KG-0018
UGAM,RKPE
UGAM,KG-0013
UGAM,QA-0009
RK25,GE-0017
RK25,ORNI
RK25,JO-0003
RK25,RK82
RK25,VLXK
RK25,VRMO
RK25,OTHH
RK25,MV-0008
RK25,VHHX
RK25,IQ-0010
RK25,IQ-0055
RK25,GE-0010
RK25,OTBD
RK25,KG-0013
RK25,ID-0088
RK25,HBT
RK25,MV-0012
RK25,VCCB
RK25,IQ-0036
RK25,KG-0007
DWO,ID-0077
DWO,IQ-0011
DWO,VLOS
DWO,RKTI
DWO,VCCC
DWO,WI1G
DWO,UGSS
DWO,JO-0006
DWO,VLSN
DWO,MV-0002
DWO,IQ-0049
DWO,WIIK
DWO,HK-0063
DWO,VLXK
DWO,UG22
DWO,KP-0055
DWO,HBT
DWO,KG-0018
WIOS,MV-0007
WIOS,VRDA
WIOS,VRMO
WIOS,WI1G
WIOS,WAPC
WIOS,KG-0004
WIOS,KP-0082
WIOS,KG-0027
WIOS,OJHR
WIOS,KP-0078
WIOS,FND
WIOS,KG-0020
WIOS,LLAZ
WIOS,KG-0034
WIOS,GE-0015
RK22,VRNT
RK22,YPCC
RK22,VCCA
RK22,KP-0075
RK22,RKUL
RK22,WI1G
RK22,LK-0004
RK22,LK-0002
RK22,RKPE
RK22,RK82
RK22,ID-0085
RK22,KG-0006
RK22,OTBH
RK22,VRMT
KDW,LA-0005
KDW,WAFM
KDW,VRDA
KDW,KG-0006
KDW,ID-0139
KDW,RKPC
KDW,UGSS
KDW,WALT
KDW,ID-0088
KDW,IQ-0023
KDW,RKPU
KDW,KG-0018
KDW,KG-0020
KDW,MV-0010
KDW,KG-0028
KDW,GE-0003
KDW,JO-0005
KDW,MV-0012
KDW,KP-0024
HK-0079,OTBH
HK-0079,JO-0008
HK-0079,JO-0015
HK-0079,ID-0062
HK-0079,KP-0067
HK-0079,KG-0006
HK-0079,IQ-0019
HK-0079,KG-0013
HK-0079,KP-0058
HK-0079,PS-0001
HK-0079,KP-0035
HK-0079,KG-0044
HK-0079,ID-0088
HK-0079,HK-0002
HK-0079,UGMM
HK-0079,IQ-0036
KDZ,MV-0001
KDZ,KG-0018
KDZ,ID-0085
KDZ,VRNT
KDZ,GE-0015
KDZ,KP-0063
KDZ,KP-0011
KDZ,JO-0004
KDZ,IQ-0029
KDZ,KP-0075
KDZ,GE-0002
KDZ,KP-0085
KDZ,IQ-0013
KDZ,KP-0035
KDZ,KG-0044
DGM,GE-0001
DGM,RKPU
DGM,LA-0006
DGM,IQ-0035
DGM,MV-0003
DGM,QJP
DGM,KP-0085
DGM,ID-0083
DGM,ORTL
DGM,WIDS
DGM,GE-0003
DGM,IQ-0029
DGM,WALT
ID-0083,RKPC
ID-0083,VRBK
ID-0083,PS-0001
ID-0083,VCCA
ID-0083,RKTI
ID-0083,LA-0002
ID-0083,ID-0139
ID-0083,VLXL
ID-0083,JO-0003
ID-0083,UGSB
ID-0083,ID-0167
ID-0083,UGAM
ID-0083,IQ-0023
ID-0083,DGM
ID-0083,OJAI
VRBK,ID-0083
VRBK,VREI
VRBK,ID-0011
VRBK,OJHR
VRBK,WI1G
VRBK,MV-0007
VRBK,ID-0139
VRBK,OT62
VRBK,IQ-0010
VRBK,LA-0004
VRBK,KG-0032
VRBK,PS-0002
VRBK,KG-0033
ID-0085,RK17
ID-0085,VLSB
ID-0085,KDZ
ID-0085,VCCA
ID-0085,JO-0004
ID-0085,QA-0012
ID-0085,KP-0070
ID-0085,KP-0072
ID-0085,LVGZ
ID-0085,VLSV
ID-0085,MV-0008
ID-0085,IQ-0013
ID-0085,OTBD
ID-0085,MV-0002
ID-0085,MV-0003
ID-0085,RK22
ID-0085,KG-0020
ID-0085,IQ-0011
ID-0088,JO-0004
ID-0088,KG-0035
ID-0088,LA-0001
ID-0088,KG-0013
ID-0088,KP-0082
ID-0088,KG-0009
ID-0088,GE-0001
ID-0088,KP-0064
ID-0088,KDW
ID-0088,LK-0006
ID-0088,RK25
ID-0088,IQ-0006
ID-0088,QA-0009
ID-0088,HK-0079
ID-0088,KP-0005
ID-0088,KG-0028
ID-0088,WIIK
ID-0088,QA-0001
ID-0088,IQ-0013
ID-0088,KG-0044
RK17,KG-0044
RK17,ID-0085
RK17,RKRN
RK17,LK-0006
RK17,KG-0028
RK17,HK-0001
RK17,KG-0042
RK17,RK39
RK17,VHSK
RK17,KP-0075
RK17,HBT
RK17,IQ-0006
RK17,ORTL
RK17,JO-0007
RK17,VRMT
RK17,RKUL
RK17,JO-0003
RK17,MV-0001
RK17,ID-0011
RK17,KG-0035
RK17,QA-0012
OJHF,KP-0082
OJHF,UGSB
OJHF,KR-0017
OJHF,IQ-0036
OJHF,ORTL
OJHF,VREI
OJHF,KP-0075
OJHF,VLLN
OJHF,VRMM
OJHF,KR-0611
OJHF,LA-0005
OJHF,OTBH
JO-0015,UAFL
JO-0015,ID-0011
JO-0015,IQ-0013
JO-0015,OTBD
JO-0015,KG-0018
JO-0015,HK-0079
JO-0015,GE-0001
JO-0015,VLXL
JO-0015,ORTL
JO-0015,QA-0001
JO-0015,VCCA
JO-0015,UG22
JO-0015,WABC
JO-0015,OJJR
JO-0015,LVGZ
KEZ,JO-0008
KEZ,VLLB
KEZ,OTHH
KEZ,VRNT
KEZ,KG-0005
KEZ,RKPU
KEZ,HK-0001
KEZ,KG-0034
KEZ,VLXL
KEZ,KG-0027
KEZ,GE-0001
KEZ,ID-0266
KEZ,IQ-0006
KEZ,MV-0008
UGSB,OJHF
UGSB,UG22
UGSB,KP-0085
UGSB,KP-0001
UGSB,KP-0011
UGSB,KP-0082
UGSB,OTBK
UGSB,DBU
UGSB,KP-0077
UGSB,WAWW
UGSB,WIDS
UGSB,ID-0083
UGSB,RKTI
UGSB,KG-0033
UGSB,IQ-0035
UGSB,KG-0042
UGSB,ID-0167
UGSB,ID-0176
UGSB,KP-0070
OJJR,KG-0033
OJJR,OJAI
OJJR,DBU
OJJR,RKPU
OJJR,RK95
OJJR,KP-0013
OJJR,JO-0015
RKTI,IQ-0019
RKTI,JO-0007
RKTI,IQ-0055
RKTI,PS-0001
RKTI,IQ-0049
RKTI,DWO
RKTI,ID-0083
RKTI,WI1G
RKTI,LA-0005
RKTI,GE-0004
RKTI,LA-0002
RKTI,VLSB
RKTI,UGSB
RKTI,KR-0057
RKTI,VRDA
RKTI,DBU
RKTI,UG28
VREI,VRBK
VREI,DBU
VREI,VLXK
VREI,WAPC
VREI,KP-0063
VREI,OJHF
VREI,OJAQ
VREI,KP-0005
VREI,IQ-0019
VREI,RK36
VREI,ID-0176
VREI,HK-0002
VREI,LMV
RKTE,HK-0099
RKTE,KP-0064
RKTE,KP-0019
RKTE,KP-0005
RKTE,IQ-0011
RKTE,UG0U
RKTE,PCQ
RKTE,LMV
RKTE,JO-0008
RKTE,VHSK
RKTE,IQ-0010
RKTE,WAPC
RKTE,RK36
IQ-0052,RKUL
IQ-0052,KG-0044
IQ-0052,HK-0008
IQ-0052,KP-0063
IQ-0052,WIIK
IQ-0052,OT62
IQ-0052,QA-0014
IQ-0052,UAFL
IQ-0052,VLPS
IQ-0052,FND
IQ-0052,ID-0011
ID-0176,IQ-0013
ID-0176,RKPC
ID-0176,KP-0058
ID-0176,VCCS
ID-0176,AFK
ID-0176,ID-0266
ID-0176,VLHS
ID-0176,VREI
ID-0176,KG-0013
ID-0176,WAWW
ID-0176,DBU
ID-0176,UG0U
ID-0176,LA-0002
ID-0176,MV-0001
ID-0176,MV-0008
ID-0176,RKPE
ID-0176,UGSB
UGSS,LK-0003
UGSS,WAPC
UGSS,OJAI
UGSS,ORTL
UGSS,VLSB
UGSS,VCCW
UGSS,LA-0001
UGSS,MV-0002
UGSS,KG-0020
UGSS,KDW
UGSS,MV-0004
UGSS,DWO
UGSS,MV-0012
UGSS,KP-0072
UGSS,UAFL
UGSS,OJHR
UGSS,JO-0002
UGSS,WIIK
UGSS,KP-0064
IQ-0055,VCCA
IQ-0055,MV-0010
IQ-0055,UAFL
IQ-0055,RKTI
IQ-0055,IQ-0049
IQ-0055,RK82
IQ-0055,RK25
IQ-0055,GE-0015
IQ-0055,IQ-0023
IQ-0055,UG24
IQ-0055,IQ-0006
IQ-0055,OTHH
IQ-0055,KP-0005
IQ-0055,KG-0027
IQ-0055,OJHR
JO-0004,KG-0027
JO-0004,ID-0088
JO-0004,UAFL
JO-0004,OT62
JO-0004,KG-0014
JO-0004,ID-0011
JO-0004,JO-0007
JO-0004,ID-0085
JO-0004,LA-0006
JO-0004,KR-0017
JO-0004,UAFG
JO-0004,VHSK
JO-0004,KDZ
JO-0004,VLSV
JO-0004,ID-0077
JO-0004,KR-0064
JO-0004,GE-0004
JO-0005,JO-0009
JO-0005,LK-0004
JO-0005,RKPE
JO-0005,ID-0167
JO-0005,HK-0081
JO-0005,JO-0007
JO-0005,YPCC
JO-0005,UAFG
JO-0005,LK-0002
JO-0005,OTHH
JO-0005,OJMS
JO-0005,KP-0085
JO-0005,KDW
JO-0005,KP-0067
JO-0005,LA-0001
JO-0006,DBK
JO-0006,RKPE
JO-0006,VRMT
JO-0006,KR-0017
JO-0006,ID-0062
JO-0006,DWO
JO-0006,MV-0008
JO-0006,PCQ
JO-0006,WABC
JO-0006,VLAP
JO-0006,JO-0003
JO-0007,RKTI
JO-0007,VRMM
JO-0007,WABC
JO-0007,JO-0004
JO-0007,KP-0075
JO-0007,KG-0032
JO-0007,JO-0005
JO-0007,KG-0020
JO-0007,ORKK
JO-0007,KG-0034
JO-0007,PS-0002
JO-0007,RK17
JO-0007,LK-0003
JO-0007,RKRN
JO-0007,FND
JO-0007,GE-0017
JO-0007,VRMO
JO-0007,OJMF
JO-0007,KP-0064
JO-0002,IQ-0037
JO-0002,VHSK
JO-0002,ID-0011
JO-0002,VRNT
JO-0002,UGSS
JO-0002,VLAP
JO-0002,RKPE
JO-0003,HK-0063
JO-0003,VRMO
JO-0003,RK25
JO-0003,KR-0057
JO-0003,MV-0010
JO-0003,MV-0008
JO-0003,LK-0004
JO-0003,UG0U
JO-0003,VHHH
JO-0003,ID-0139
JO-0003,DBU
JO-0003,ID-0083
JO-0003,ID-0266
JO-0003,RK17
JO-0003,UG22
JO-0003,VLSK
JO-0003,RK82
JO-0003,JO-0006
JO-0003,VLSB
VLHS,VHHX
VLHS,KG-0034
VLHS,VLSN
VLHS,LK-0006
VLHS,ID-0176
VLHS,IQ-0029
VLHS,ID-0167
VLHS,WIDS
VLHS,VCCJ
VLHS,IQ-0049
VLHS,UGKO
VLHS,HK-0063
VLHS,UG0U
VLHS,OJ38
VLHS,VCCN
VLHS,KG-0005
VLHS,VCCC
VLHS,ID-0139
VLHS,KR-0064
VLHS,UAFL
UAFG,VLVT
UAFG,VLPS
UAFG,RK39
UAFG,JO-0004
UAFG,JO-0005
UAFG,HK-0008
UAFG,GE-0013
UAFG,KP-0063
UAFG,GE-0002
UAFG,KR-0017
UAFG,LK-0003
UAFG,RKPU
ID-0062,UG0U
ID-0062,VCCC
ID-0062,ID-0139
ID-0062,GE-0004
ID-0062,HK-0079
ID-0062,JO-0006
ID-0062,IQ-0023
ID-0062,YPCC
ID-0062,GE-0002
ID-0062,KP-0056
ID-0062,RKPU
ID-0062,OJAI
ID-0062,VRMT
ID-0062,HK-0002
UAFP,VLSV
UAFP,LMV
UAFP,VCCN
UAFP,MV-0012
UAFP,KG-0014
UAFP,LK-0003
UAFP,ORKK
UAFP,WASB
UAFP,UG22
UAFP,WALT
UG24,IQ-0005
UG24,KG-0007
UG24,WIDS
UG24,KR-0611
UG24,KG-0009
UG24,HK-0002
UG24,DBU
UG24,KG-0032
UG24,VHSK
UG24,IQ-0055
UG24,KP-0063
UG24,RKUL
UG24,KP-0082
UG24,IQ-0023
UG24,DBK
UG24,GE-0015
UG22,UGSB
UG22,MV-0003
UG22,IQ-0047
UG22,OTBK
UG22,KG-0032
UG22,KG-0006
UG22,LMV
UG22,KP-0055
UG22,PS-0002
UG22,VCCJ
UG22,KP-0085
UG22,GE-0013
UG22,JO-0015
UG22,QA-0009
UG22,WI1G
UG22,VLAP
UG22,OJHR
UG22,VLXL
UG22,JO-0003
UG22,VCCB
UG22,KP-0082
UG22,DWO
UG22,UAFP
UG22,VRMT
UG22,LK-0002
UAFL,KG-0018
UAFL,JO-0015
UAFL,JO-0004
UAFL,IQ-0055
UAFL,VLSK
UAFL,VRNT
UAFL,VCCW
UAFL,GE-0005
UAFL,VCCB
UAFL,GE-0001
UAFL,LK-0006
UAFL,OJHR
UAFL,IQ-0052
UAFL,UGSS
UAFL,GE-0017
UAFL,IQ-0036
UAFL,ID-0011
UAFL,VLHS
IQ-0047,OTBK
IQ-0047,KG-0014
IQ-0047,UG22
IQ-0047,JO-0009
IQ-0047,KP-0005
IQ-0047,LA-0003
IQ-0047,VRMT
IQ-0047,KG-0013
IQ-0047,GE-0013
IQ-0047,OJ38
RK39,OTBD
RK39,KG-0014
RK39,KG-0018
RK39,KP-0058
RK39,UAFG
RK39,RKPE
RK39,ID-0139
RK39,VMMC
RK39,LA-0004
RK39,RK17
RK39,LA-0001
RK39,DBK
RK39,OJHR
RK39,KP-0056
RK39,KG-0044
RK39,KP-0001
RK39,VCCC
RK39,KP-0005
IQ-0049,KP-0085
IQ-0049,IQ-0001
IQ-0049,MV-0008
IQ-0049,MV-0001
IQ-0049,RKTI
IQ-0049,LA-0003
IQ-0049,IQ-0055
IQ-0049,WALT
IQ-0049,LA-0004
IQ-0049,VLHS
IQ-0049,UGMM
IQ-0049,RKUL
IQ-0049,DWO
IQ-0049,KP-0058
IQ-0049,KP-0077
IQ-0049,WAFM
IQ-0049,RK95
IQ-0049,FND
IQ-0049,VLSN
IQ-0049,VLOS
IQ-0049,IQ-0029
IQ-0049,VRMM
IQ-0049,WASB
RK36,IQ-0029
RK36,LA-0005
RK36,KP-0075
RK36,IQ-0036
RK36,KR-0621
RK36,KP-0067
RK36,KG-0028
RK36,HK-0081
RK36,VLLB
RK36,VREI
RK36,KG-0014
RK36,KP-0035
RK36,QA-0014
RK36,IQ-0010
RK36,KP-0063
RK36,RKTE
RK36,VCCS
JO-0008,HK-0079
JO-0008,KEZ
JO-0008,MV-0004
JO-0008,LA-0001
JO-0008,WALT
JO-0008,KP-0058
JO-0008,UG0U
JO-0008,RKTE
JO-0008,GE-0015
JO-0008,MV-0010
JO-0009,YPCC
JO-0009,JO-0005
JO-0009,RKRN
JO-0009,IQ-0047
JO-0009,LK-0002
JO-0009,RK82
JO-0009,ID-0266
JO-0009,KG-0007
JO-0009,WIIK
FND,IQ-0035
FND,HK-0099
FND,RK95
FND,VHHX
FND,GE-0001
FND,VLLB
FND,QJP
FND,IQ-0037
FND,HK-0002
FND,VCCC
FND,WAPC
FND,WIOS
FND,JO-0007
FND,VCCB
FND,IQ-0052
FND,IQ-0049
UG28,GE-0002
UG28,KG-0009
UG28,GE-0011
UG28,OJHR
UG28,ID-0167
UG28,KP-0064
UG28,UGAM
UG28,RK95
UG28,QJP
UG28,VCCA
UG28,LA-0001
UG28,KG-0033
UG28,MV-0011
UG28,RKTI
UG28,KR-0621
VLLB,KEZ
VLLB,VCCB
VLLB,RK82
VLLB,KP-0011
VLLB,FND
VLLB,VLVT
VLLB,QA-0014
VLLB,RK36
VLLB,OT62
VLLB,KP-0077
VLLB,PS-0001
VLLB,IQ-0036
LA-0005,RK36
LA-0005,KDW
LA-0005,MV-0007
LA-0005,OJHR
LA-0005,ID-0167
LA-0005,RKPU
LA-0005,QJP
LA-0005,VRMO
LA-0005,UGMM
LA-0005,RKTI
LA-0005,LA-0003
LA-0005,IQ-0023
LA-0005,GE-0011
LA-0005,OJHF
LA-0005,KG-0020
LA-0005,VLSK
LA-0005,VCCS
LA-0004,MV-0008
LA-0004,GE-0017
LA-0004,MV-0011
LA-0004,DBK
LA-0004,VHHX
LA-0004,IQ-0049
LA-0004,OTBH
LA-0004,GE-0004
LA-0004,RK39
LA-0004,YPCC
LA-0004,WALT
LA-0004,VRBK
LA-0004,KP-0001
LA-0004,LK-0003
LA-0004,WAFM
LA-0004,KG-0009
LA-0004,KR-0611
LA-0006,RKPU
LA-0006,UGKO
LA-0006,WI1G
LA-0006,KP-0005
LA-0006,OJHR
LA-0006,DGM
LA-0006,KR-0611
LA-0006,GE-0015
LA-0006,GE-0011
LA-0006,JO-0004
LA-0006,KG-0013
LA-0006,GE-0002
KP-0058,IQ-0011
KP-0058,VCCN
KP-0058,ID-0176
KP-0058,WAFM
KP-0058,KP-0063
KP-0058,WAPC
KP-0058,RK39
KP-0058,HK-0079
KP-0058,JO-0008
KP-0058,GE-0004
KP-0058,ORTL
KP-0058,IQ-0049
KP-0058,VLSK
KP-0058,WI1G
KP-0058,OTBD
LA-0001,VCCB
LA-0001,OJHR
LA-0001,ID-0088
LA-0001,VRMK
LA-0001,OTBK
LA-0001,KP-0035
LA-0001,UGSS
LA-0001,JO-0008
LA-0001,UGAM
LA-0001,RK39
LA-0001,UG28
LA-0001,KR-0621
LA-0001,ID-0077
LA-0001,JO-0005
KP-0056,HK-0002
KP-0056,KG-0006
KP-0056,VRMK
KP-0056,KP-0085
KP-0056,KP-0064
KP-0056,KP-0024
KP-0056,KG-0013
KP-0056,KG-0028
KP-0056,KP-0019
KP-0056,RK39
KP-0056,ID-0062
LA-0003,WAFM
LA-0003,OTHH
LA-0003,WASB
LA-0003,IQ-0049
LA-0003,KG-0018
LA-0003,VMMC
LA-0003,RKPC
LA-0003,OTBK
LA-0003,LK-0002
LA-0003,VRMT
LA-0003,LA-0005
LA-0003,QA-0001
LA-0003,IQ-0006
LA-0003,HK-0081
LA-0003,VRDA
LA-0003,GE-0006
LA-0003,RKPE
LA-0003,IQ-0047
LA-0003,HK-0063
LA-0003,ORTL
KP-0055,KP-0064
KP-0055,MV-0011
KP-0055,KP-0072
KP-0055,PS-0001
KP-0055,YPCC
KP-0055,OTHH
KP-0055,KR-0064
KP-0055,VLPS
KP-0055,WIIK
KP-0055,KG-0014
KP-0055,VCCN
KP-0055,QJP
KP-0055,ID-0077
KP-0055,UG22
KP-0055,RKPE
KP-0055,VRMT
KP-0055,DBU
KP-0055,MV-0001
KP-0055,QA-0012
KP-0055,VLXK
KP-0055,DWO
LA-0002,RKRN
LA-0002,MV-0001
LA-0002,KG-0013
LA-0002,KG-0032
LA-0002,OJAI
LA-0002,ORTL
LA-0002,HK-0008
LA-0002,ID-0083
LA-0002,KP-0075
LA-0002,KP-0063
LA-0002,MV-0002
LA-0002,KP-0064
LA-0002,RKTI
LA-0002,ID-0176
VLLN,LVGZ
VLLN,QA-0009
VLLN,KP-0005
VLLN,KG-0007
VLLN,IQ-0006
VLLN,OJHF
VLLN,KP-0067
VLLN,OJ38
VLLN,KG-0027
OJMF,LK-0004
OJMF,IQ-0036
OJMF,AFK
OJMF,KP-0078
OJMF,MV-0012
OJMF,KR-0017
OJMF,VLSK
OJMF,VRDA
OJMF,GE-0006
OJMF,IQ-0006
OJMF,JO-0007
OJMF,WIIK
KR-0064,LK-0006
KR-0064,KP-0075
KR-0064,KP-0055
KR-0064,ORKK
KR-0064,VLSN
KR-0064,MV-0002
KR-0064,DBK
KR-0064,IQ-0011
KR-0064,VLOS
KR-0064,JO-0004
KR-0064,VLHS
KR-0621,KP-0024
KR-0621,KP-0005
KR-0621,VCCW
KR-0621,KG-0009
KR-0621,GE-0013
KR-0621,RK36
KR-0621,VLSV
KR-0621,VRNT
KR-0621,KG-0035
KR-0621,WI1G
KR-0621,IQ-0036
KR-0621,KP-0077
KR-0621,LA-0001
KR-0621,OTBD
KR-0621,UG28
KR-0621,RKUL
KR-0621,RKPC
HBT,IQ-0001
HBT,OJAQ
HBT,LK-0002
HBT,KP-0070
HBT,RK95
HBT,VRMV
HBT,RK25
HBT,RK17
HBT,KP-0024
HBT,IQ-0019
HBT,WAFM
HBT,OTBD
HBT,DWO
WI1G,KG-0009
WI1G,IQ-0006
WI1G,LA-0006
WI1G,WIOS
WI1G,IQ-0013
WI1G,ID-0167
WI1G,OTBK
WI1G,VRBK
WI1G,RKTI
WI1G,KR-0621
WI1G,DWO
WI1G,GE-0004
WI1G,RK22
WI1G,RKPU
WI1G,IQ-0029
WI1G,UG22
WI1G,KP-0013
WI1G,KP-0058
WI1G,GE-0015
WI1G,WAWW
KP-0064,RKTE
KP-0064,KP-0055
KP-0064,KP-0063
KP-0064,KG-0006
KP-0064,KP-0067
KP-0064,KP-0056
KP-0064,UG28
KP-0064,KP-0077
KP-0064,ID-0088
KP-0064,VRMM
KP-0064,MV-0010
KP-0064,LA-0002
KP-0064,QA-0014
KP-0064,VLPS
KP-0064,MV-0008
KP-0064,IQ-0035
KP-0064,OJAM
KP-0064,JO-0007
KP-0064,VLSK
KP-0064,UGSS
VHSK,JO-0002
VHSK,VLOS
VHSK,KP-0078
VHSK,VCCS
VHSK,KR-0057
VHSK,JO-0004
VHSK,IQ-0035
VHSK,RK17
VHSK,UG24
VHSK,HK-0002
VHSK,IQ-0006
VHSK,IQ-0019
VHSK,RKTE
VHSK,KG-0027
VHSK,LVGZ
KP-0063,RK82
KP-0063,AFK
KP-0063,MV-0012
KP-0063,KP-0064
KP-0063,KP-0058
KP-0063,VLSB
KP-0063,IQ-0052
KP-0063,VLSN
KP-0063,VREI
KP-0063,KDZ
KP-0063,GE-0013
KP-0063,IQ-0035
KP-0063,LA-0002
KP-0063,UG24
KP-0063,KG-0020
KP-0063,UAFG
KP-0063,RKPU
KP-0063,VRMV
KP-0063,RK36
WABC,RK95
WABC,MV-0012
WABC,KP-0035
WABC,JO-0007
WABC,WAPC
WABC,VLXK
WABC,UG0U
WABC,IQ-0037
WABC,AFK
WABC,VRNT
WABC,VHHX
WABC,JO-0015
WABC,KG-0027
WABC,JO-0006
VMMC,GE-0005
VMMC,IQ-0029
VMMC,ORKK
VMMC,VLSN
VMMC,KG-0007
VMMC,LA-0003
VMMC,RK39
VMMC,WAFM
VMMC,MV-0001
VMMC,GE-0011
VMMC,OJAI
VMMC,LMV
VMMC,OJAQ
VMMC,WIIK
VMMC,HK-0081
VMMC,VLXK
ORKK,OJAM
ORKK,GE-0005
ORKK,KR-0057
ORKK,KP-0024
ORKK,IQ-0019
ORKK,KR-0064
ORKK,VMMC
ORKK,JO-0007
ORKK,OTBH
ORKK,OJAQ
ORKK,KP-0070
ORKK,VLAP
ORKK,GE-0015
ORKK,MV-0004
ORKK,UAFP
KP-0067,OJAQ
KP-0067,LK-0002
KP-0067,KP-0064
KP-0067,KP-0024
KP-0067,MV-0008
KP-0067,MV-0003
KP-0067,HK-0079
KP-0067,VLPS
KP-0067,QA-0009
KP-0067,RK36
KP-0067,VLLN
KP-0067,UGKO
KP-0067,VCCC
KP-0067,IQ-0001
KP-0067,JO-0005
KP-0067,KG-0042
KP-0067,VLSV
WASB,VRMK
WASB,KP-0019
WASB,LA-0003
WASB,KP-0070
WASB,AFK
WASB,UG0U
WASB,IQ-0001
WASB,LK-0003
WASB,OTBD
WASB,VCCW
WASB,HK-0008
WASB,DBU
WASB,OJAI
WASB,UAFP
WASB,IQ-0049
RKUL,VLPS
RKUL,IQ-0052
RKUL,WAFM
RKUL,VCCB
RKUL,KG-0006
RKUL,GE-0006
RKUL,WALT
RKUL,GE-0002
RKUL,RK22
RKUL,VCCA
RKUL,IQ-0049
RKUL,UG24
RKUL,RK17
RKUL,MV-0011
RKUL,GE-0003
RKUL,PS-0001
RKUL,KR-0621
KR-0057,OJHR
KR-0057,VHHH
KR-0057,JO-0003
KR-0057,ORKK
KR-0057,KG-0044
KR-0057,ID-0266
KR-0057,HK-0063
KR-0057,VLOS
KR-0057,VHSK
KR-0057,VCCC
KR-0057,IQ-0013
KR-0057,RKTI
KR-0057,KG-0027
KR-0057,VLAP
KR-0057,RK82
KR-0611,VLSB
KR-0611,UGAM
KR-0611,PS-0002
KR-0611,UG24
KR-0611,LA-0006
KR-0611,MV-0001
KR-0611,KP-0085
KR-0611,WAFM
KR-0611,KG-0013
KR-0611,VLSV
KR-0611,ID-0139
KR-0611,VCCJ
KR-0611,OJHF
KR-0611,OT62
KR-0611,GE-0004
KR-0611,RK82
KR-0611,KR-0017
KR-0611,LA-0004
PCQ,DBU
PCQ,DBK
PCQ,KP-0001
PCQ,GE-0006
PCQ,VLSV
PCQ,VRNT
PCQ,MV-0004
PCQ,KG-0042
PCQ,RKTE
PCQ,UGAM
PCQ,JO-0006
PCQ,WALT
PCQ,KG-0027
KP-0075,KR-0064
KP-0075,GE-0006
KP-0075,JO-0007
KP-0075,RK36
KP-0075,QJP
KP-0075,KP-0070
KP-0075,RK22
KP-0075,OJHF
KP-0075,LA-0002
KP-0075,RK17
KP-0075,VHHX
KP-0075,VLSK
KP-0075,KDZ
KP-0075,QA-0001
KP-0075,GE-0017
OTBD,WAWW
OTBD,RK39
OTBD,JO-0015
OTBD,VCCS
OTBD,VRMV
OTBD,UGMM
OTBD,VCCC
OTBD,RK25
OTBD,VCCN
OTBD,WASB
OTBD,GE-0001
OTBD,VLVT
OTBD,ID-0085
OTBD,VCCB
OTBD,LK-0004
OTBD,KR-0621
OTBD,AFK
OTBD,HBT
OTBD,KP-0058
KP-0072,HK-0008
KP-0072,HK-0081
KP-0072,KP-0055
KP-0072,VLSN
KP-0072,UGKO
KP-0072,ID-0085
KP-0072,IQ-0029
KP-0072,UGSS
KP-0072,OJAM
KP-0072,HK-0001
KP-0072,AFK
KP-0072,MV-0011
KP-0072,VLOS
KP-0070,GE-0003
KP-0070,VLXL
KP-0070,KG-0044
KP-0070,HK-0081
KP-0070,WASB
KP-0070,HBT
KP-0070,MV-0003
KP-0070,VLSB
KP-0070,KP-0075
KP-0070,ID-0085
KP-0070,VCCN
KP-0070,WAWW
KP-0070,ORKK
KP-0070,MV-0002
KP-0070,YPCC
KP-0070,UGSB
AFK,KP-0063
AFK,KG-0013
AFK,PS-0001
AFK,KG-0014
AFK,ID-0176
AFK,OJMF
AFK,WASB
AFK,GE-0013
AFK,KR-0017
AFK,ID-0167
AFK,ID-0011
AFK,KP-0024
AFK,WABC
AFK,OTBD
AFK,IQ-0029
AFK,KP-0072
AFK,ID-0139
WIDS,VLXL
WIDS,OJ38
WIDS,UG24
WIDS,IQ-0035
WIDS,GE-0015
WIDS,VLHS
WIDS,KG-0044
WIDS,UGSB
WIDS,KG-0027
WIDS,KP-0082
WIDS,ORNI
WIDS,DGM
OTBK,LMV
OTBK,IQ-0047
OTBK,OJAI
OTBK,VLXL
OTBK,LA-0001
OTBK,KG-0020
OTBK,UG22
OTBK,WI1G
OTBK,HK-0063
OTBK,UGSB
OTBK,OTHH
OTBK,LA-0003
OTBK,VHHX
OTBK,KG-0013
OTBK,KG-0018
OTBK,KG-0034
OTBK,DBU
OTBK,KP-0013
KP-0078,KP-0035
KP-0078,IQ-0013
KP-0078,VHSK
KP-0078,VRNT
KP-0078,OJMF
KP-0078,KP-0011
KP-0078,KP-0005
KP-0078,VLSB
KP-0078,KG-0007
KP-0078,WIOS
KP-0078,LK-0004
KP-0078,VCCC
KP-0078,LVGZ
KP-0078,PS-0002
KP-0078,LK-0002
OTBH,KP-0013
OTBH,HK-0079
OTBH,HK-0008
OTBH,LLAZ
OTBH,KP-0077
OTBH,ORTL
OTBH,LMV
OTBH,MV-0010
OTBH,LA-0004
OTBH,KP-0082
OTBH,ORKK
OTBH,MV-0004
OTBH,IQ-0006
OTBH,VCCW
OTBH,OJHF
OTBH,OJAM
OTBH,QA-0012
OTBH,RK22
OTBH,GE-0015
HK-0081,KP-0072
HK-0081,RK95
HK-0081,KP-0070
HK-0081,KP-0024
HK-0081,JO-0005
HK-0081,GE-0002
HK-0081,UG0U
HK-0081,OTHH
HK-0081,RK36
HK-0081,LA-0003
HK-0081,KG-0044
HK-0081,KG-0018
HK-0081,OJMS
HK-0081,VMMC
KP-0077,GE-0006
KP-0077,KG-0033
KP-0077,OTBH
KP-0077,YPCC
KP-0077,KP-0064
KP-0077,UGSB
KP-0077,KR-0621
KP-0077,KP-0024
KP-0077,KP-0082
KP-0077,VLLB
KP-0077,VRMT
KP-0077,RKPE
KP-0077,KP-0013
KP-0077,HK-0099
KP-0077,IQ-0049
KP-0077,KG-0004
KG-0018,KDZ
KG-0018,UAFL
KG-0018,JO-0015
KG-0018,RK39
KG-0018,LA-0003
KG-0018,DBU
KG-0018,VLSN
KG-0018,GE-0004
KG-0018,WALT
KG-0018,WAFM
KG-0018,LK-0002
KG-0018,OTBK
KG-0018,QA-0001
KG-0018,KDW
KG-0018,DBK
KG-0018,UGAM
KG-0018,HK-0081
KG-0018,KP-0035
KG-0018,VHHH
KG-0018,DWO
KG-0018,ID-0266
RK82,ID-0167
RK82,KP-0063
RK82,RK25
RK82,KG-0042
RK82,VLLB
RK82,IQ-0055
RK82,IQ-0029
RK82,JO-0009
RK82,UGMM
RK82,RK22
RK82,OTHH
RK82,KR-0611
RK82,UGKO
RK82,JO-0003
RK82,KR-0057
RK82,KP-0013
KG-0014,RK39
KG-0014,VCCJ
KG-0014,OTHH
KG-0014,JO-0004
KG-0014,AFK
KG-0014,IQ-0047
KG-0014,MV-0004
KG-0014,KP-0055
KG-0014,UAFP
KG-0014,VRMV
KG-0014,WIIK
KG-0014,GE-0015
KG-0014,RK36
KG-0014,MV-0003
KG-0014,VLXK
KG-0014,RKPE
KG-0014,MV-0002
KG-0014,VCCW
KG-0013,AFK
KG-0013,KP-0001
KG-0013,LA-0002
KG-0013,ID-0088
KG-0013,KP-0056
KG-0013,KR-0611
KG-0013,DBK
KG-0013,RK25
KG-0013,OTBK
KG-0013,HK-0079
KG-0013,ID-0176
KG-0013,LA-0006
KG-0013,VCCS
KG-0013,QA-0014
KG-0013,ID-0139
KG-0013,MV-0002
KG-0013,UGAM
KG-0013,GE-0005
KG-0013,IQ-0047
KP-0085,IQ-0010
KP-0085,IQ-0049
KP-0085,UGSB
KP-0085,MV-0011
KP-0085,VLXK
KP-0085,KP-0056
KP-0085,KR-0611
KP-0085,KG-0033
KP-0085,KG-0020
KP-0085,DGM
KP-0085,UG22
KP-0085,JO-0005
KP-0085,KDZ
KP-0085,MV-0001
KP-0085,KG-0006
KP-0085,OJMS
OJMS,KP-0005
OJMS,VLAP
OJMS,VLVT
OJMS,KP-0001
OJMS,KG-0006
OJMS,JO-0005
OJMS,VLSK
OJMS,DBK
OJMS,HK-0081
OJMS,HK-0002
OJMS,KG-0007
OJMS,KP-0085
OJMS,UGMM
KP-0082,ORNI
KP-0082,OJHF
KP-0082,UGSB
KP-0082,QA-0001
KP-0082,ID-0088
KP-0082,WIOS
KP-0082,OTBH
KP-0082,KP-0019
KP-0082,KP-0077
KP-0082,KP-0024
KP-0082,WAFM
KP-0082,HK-0001
KP-0082,ID-0077
KP-0082,LK-0003
KP-0082,MV-0004
KP-0082,UG24
KP-0082,ID-0139
KP-0082,WIDS
KP-0082,GE-0003
KP-0082,UG22
KP-0082,WAPC
HK-0099,FND
HK-0099,RKTE
HK-0099,HK-0063
HK-0099,VLAP
HK-0099,KP-0035
HK-0099,VHHH
HK-0099,KR-0017
HK-0099,KP-0077
KG-0007,UG24
KG-0007,KR-0017
KG-0007,VLLN
KG-0007,LK-0006
KG-0007,VMMC
KG-0007,HK-0063
KG-0007,KP-0078
KG-0007,IQ-0011
KG-0007,GE-0017
KG-0007,JO-0009
KG-0007,VRMM
KG-0007,OJMS
KG-0007,UG0U
KG-0007,GE-0003
KG-0007,RK25
LMV,UAFP
LMV,OTBK
LMV,ID-0139
LMV,QA-0001
LMV,PS-0002
LMV,OTBH
LMV,GE-0011
LMV,OJ38
LMV,UG22
LMV,VRMO
LMV,VCCS
LMV,KG-0005
LMV,RKTE
LMV,VMMC
LMV,VLSV
LMV,VREI
LMV,IQ-0011
LMV,HK-0008
KG-0009,UG28
KG-0009,WI1G
KG-0009,UG24
KG-0009,KR-0621
KG-0009,ID-0088
KG-0009,WAWW
KG-0009,VLPS
KG-0009,GE-0010
KG-0009,GE-0006
KG-0009,MV-0008
KG-0009,LA-0004
KG-0004,UGMM
KG-0004,LK-0006
KG-0004,VLPS
KG-0004,WIOS
KG-0004,VLSK
KG-0004,KP-0001
KG-0004,RKPU
KG-0004,MV-0001
KG-0004,KP-0013
KG-0004,MV-0010
KG-0004,VCCC
KG-0004,QJP
KG-0004,WAWW
KG-0004,ID-0139
KG-0004,PS-0001
KG-0004,KP-0077
KG-0005,VRMM
KG-0005,OT62
KG-0005,RKPE
KG-0005,HK-0008
KG-0005,QA-0014
KG-0005,WAPC
KG-0005,KEZ
KG-0005,GE-0017
KG-0005,QA-0009
KG-0005,LMV
KG-0005,LK-0002
KG-0005,VLHS
KG-0005,VRMO
KG-0005,WAFM
ORNI,RK25
ORNI,KP-0082
ORNI,VLPS
ORNI,ORTL
ORNI,OJAI
ORNI,WIDS
ORNI,OT62
ORNI,MV-0002
KG-0006,KP-0056
KG-0006,IQ-0035
KG-0006,KP-0064
KG-0006,KDW
KG-0006,GE-0005
KG-0006,RKPE
KG-0006,RKUL
KG-0006,UG22
KG-0006,HK-0079
KG-0006,DBU
KG-0006,VRMK
KG-0006,OJMS
KG-0006,KP-0085
KG-0006,RK22
KG-0006,HK-0002
KG-0006,WAFM
KG-0006,VCCC
WAWW,RKPE
WAWW,OTBD
WAWW,IQ-0037
WAWW,RKPC
WAWW,KG-0009
WAWW,MV-0003
WAWW,KP-0070
WAWW,UGSB
WAWW,ID-0176
WAWW,UGKO
WAWW,KG-0004
WAWW,KG-0042
WAWW,GE-0005
WAWW,WI1G
KP-0013,GE-0004
KP-0013,OTBH
KP-0013,QJP
KP-0013,ID-0011
KP-0013,GE-0013
KP-0013,KG-0027
KP-0013,LK-0006
KP-0013,KG-0004
KP-0013,WI1G
KP-0013,KP-0077
KP-0013,OJJR
KP-0013,RKPC
KP-0013,UG0U
KP-0013,OTBK
KP-0013,IQ-0005
KP-0013,RK82
KP-0011,KG-0034
KP-0011,HK-0002
KP-0011,LLAZ
KP-0011,UGSB
KP-0011,KP-0078
KP-0011,RK95
KP-0011,VLLB
KP-0011,KDZ
KP-0011,WIIK
VLPS,UAFG
VLPS,RKUL
VLPS,ORNI
VLPS,GE-0004
VLPS,KG-0004
VLPS,KP-0055
VLPS,VRDA
VLPS,KG-0009
VLPS,KG-0032
VLPS,KP-0067
VLPS,KG-0027
VLPS,VCCB
VLPS,ID-0077
VLPS,IQ-0052
VLPS,UGKO
VLPS,KP-0064
VLPS,VRMV
KP-0019,WASB
KP-0019,GE-0002
KP-0019,VRMM
KP-0019,VLVT
KP-0019,VRNT
KP-0019,RKTE
KP-0019,QA-0009
KP-0019,KP-0056
KP-0019,KP-0082
KP-0019,WAFM
KP-0019,RKRN
KP-0019,QJP
KP-0019,UGMM
VHHH,KR-0057
VHHH,VLSN
VHHH,HK-0002
VHHH,VRMK
VHHH,VRMT
VHHH,OJ38
VHHH,KG-0020
VHHH,HK-0099
VHHH,JO-0003
VHHH,OJAM
VHHH,LK-0004
VHHH,KG-0018
KG-0032,KG-0020
KG-0032,UG0U
KG-0032,VCCJ
KG-0032,UG22
KG-0032,VLPS
KG-0032,JO-0007
KG-0032,LA-0002
KG-0032,IQ-0023
KG-0032,UG24
KG-0032,KP-0024
KG-0032,VRBK
KG-0032,PS-0001
KG-0033,KP-0077
KG-0033,OJJR
KG-0033,OJAI
KG-0033,KP-0005
KG-0033,KP-0085
KG-0033,MV-0003
KG-0033,LK-0006
KG-0033,UG28
KG-0033,QA-0009
KG-0033,GE-0013
KG-0033,UGSB
KG-0033,KP-0001
KG-0033,VRBK
KG-0034,VLHS
KG-0034,KP-0011
KG-0034,PS-0001
KG-0034,JO-0007
KG-0034,WALT
KG-0034,OTBK
KG-0034,IQ-0006
KG-0034,KEZ
KG-0034,MV-0002
KG-0034,WIOS
KG-0034,KR-0017
KG-0034,IQ-0035
KG-0034,KP-0001
KG-0035,ID-0088
KG-0035,QA-0001
KG-0035,UGAM
KG-0035,DBK
KG-0035,KR-0621
KG-0035,IQ-0005
KG-0035,GE-0015
KG-0035,GE-0003
KG-0035,RK17
KG-0035,LK-0004
KG-0035,LLAZ
KG-0020,MV-0010
KG-0020,KG-0032
KG-0020,OTBK
KG-0020,UGSS
KG-0020,HK-0008
KG-0020,JO-0007
KG-0020,GE-0003
KG-0020,PS-0002
KG-0020,QA-0014
KG-0020,VHHH
KG-0020,KP-0085
KG-0020,KP-0063
KG-0020,KDW
KG-0020,YPCC
KG-0020,WIOS
KG-0020,ID-0085
KG-0020,LA-0005
KG-0020,VHHX
KG-0020,KP-0005
KG-0020,RKPC
KP-0024,UGKO
KP-0024,KR-0621
KP-0024,KP-0067
KP-0024,HK-0081
KP-0024,ORKK
KP-0024,KP-0056
KP-0024,IQ-0036
KP-0024,MV-0007
KP-0024,KP-0077
KP-0024,KP-0082
KP-0024,HBT
KP-0024,KG-0032
KP-0024,RKRN
KP-0024,AFK
KP-0024,RKPE
KP-0024,VLAP
KP-0024,KDW
KP-0024,OT62
VLOS,VHSK
VLOS,HK-0001
VLOS,DWO
VLOS,IQ-0005
VLOS,ID-0077
VLOS,KR-0057
VLOS,UG0U
VLOS,ID-0011
VLOS,PS-0001
VLOS,KR-0017
VLOS,OJ38
VLOS,KR-0064
VLOS,IQ-0049
VLOS,VLVT
VLOS,KP-0072
RK95,HK-0081
RK95,WABC
RK95,FND
RK95,UG28
RK95,VCCN
RK95,KP-0011
RK95,HBT
RK95,OJJR
RK95,VRMK
RK95,VRMT
RK95,HK-0008
RK95,LLAZ
RK95,IQ-0049
RK95,LK-0006
MV-0001,LA-0002
MV-0001,KDZ
MV-0001,MV-0003
MV-0001,IQ-0049
MV-0001,KR-0611
MV-0001,GE-0006
MV-0001,VMMC
MV-0001,KG-0004
MV-0001,VHHX
MV-0001,RK17
MV-0001,KP-0085
MV-0001,HK-0002
MV-0001,KP-0055
MV-0001,ID-0176
MV-0001,LVGZ
MV-0003,UG22
MV-0003,VHHX
MV-0003,MV-0001
MV-0003,KP-0067
MV-0003,DGM
MV-0003,KP-0070
MV-0003,WAWW
MV-0003,WAFM
MV-0003,KG-0033
MV-0003,ID-0085
MV-0003,KG-0014
MV-0003,OJAQ
MV-0003,ID-0139
MV-0002,OJ38
MV-0002,VRMV
MV-0002,QA-0012
MV-0002,UGSS
MV-0002,KR-0064
MV-0002,KG-0042
MV-0002,DWO
MV-0002,VCCJ
MV-0002,KG-0034
MV-0002,LA-0002
MV-0002,ID-0085
MV-0002,GE-0004
MV-0002,MV-0008
MV-0002,WIIK
MV-0002,KP-0070
MV-0002,KG-0013
MV-0002,ORNI
MV-0002,OJAI
MV-0002,KG-0014
WAFM,KDW
WAFM,LA-0003
WAFM,KP-0058
WAFM,RKUL
WAFM,LK-0003
WAFM,KR-0611
WAFM,ID-0011
WAFM,KG-0018
WAFM,HK-0002
WAFM,VMMC
WAFM,MV-0003
WAFM,KP-0082
WAFM,KP-0019
WAFM,QA-0001
WAFM,IQ-0049
WAFM,LA-0004
WAFM,HBT
WAFM,VRNT
WAFM,KG-0006
WAFM,KG-0005
MV-0004,VCCS
MV-0004,LVGZ
MV-0004,VHHX
MV-0004,JO-0008
MV-0004,KP-0001
MV-0004,KP-0005
MV-0004,VLSK
MV-0004,KG-0014
MV-0004,QA-0012
MV-0004,PCQ
MV-0004,UGSS
MV-0004,OTBH
MV-0004,VRMT
MV-0004,HK-0008
MV-0004,ORKK
MV-0004,VLXK
MV-0004,KP-0082
MV-0004,GE-0013
MV-0004,VRMK
MV-0004,KG-0044
KG-0027,ID-0011
KG-0027,JO-0004
KG-0027,IQ-0035
KG-0027,IQ-0037
KG-0027,VRMK
KG-0027,WIOS
KG-0027,QA-0014
KG-0027,VLPS
KG-0027,KP-0013
KG-0027,HK-0002
KG-0027,MV-0012
KG-0027,KG-0042
KG-0027,DBK
KG-0027,KEZ
KG-0027,ID-0077
KG-0027,WIDS
KG-0027,PCQ
KG-0027,KR-0057
KG-0027,WABC
KG-0027,VHSK
KG-0027,IQ-0055
KG-0027,LK-0003
KG-0027,IQ-0011
KG-0027,VLLN
MV-0007,IQ-0006
MV-0007,WIOS
MV-0007,VLXK
MV-0007,LA-0005
MV-0007,UG0U
MV-0007,ID-0139
MV-0007,VRBK
MV-0007,LVGZ
MV-0007,KP-0024
MV-0007,UGKO
MV-0007,VCCA
MV-0007,RKPU
MV-0007,LK-0006
KG-0028,KG-0042
KG-0028,OJAM
KG-0028,RKPE
KG-0028,RK17
KG-0028,GE-0002
KG-0028,KP-0056
KG-0028,VCCS
KG-0028,RK36
KG-0028,UGMM
KG-0028,GE-0004
KG-0028,MV-0012
KG-0028,ID-0088
KG-0028,IQ-0037
KG-0028,HK-0063
KG-0028,KDW
KR-0017,KG-0007
KR-0017,ORTL
KR-0017,OJHF
KR-0017,AFK
KR-0017,JO-0004
KR-0017,OJMF
KR-0017,VLOS
KR-0017,JO-0006
KR-0017,HK-0099
KR-0017,UAFG
KR-0017,KG-0034
KR-0017,KR-0611
KR-0017,VRNT
MV-0008,OTHH
MV-0008,LA-0004
MV-0008,LK-0006
MV-0008,IQ-0049
MV-0008,VCCS
MV-0008,KP-0067
MV-0008,RK25
MV-0008,ID-0139
MV-0008,JO-0003
MV-0008,KG-0009
MV-0008,ID-0085
MV-0008,JO-0006
MV-0008,KP-0035
MV-0008,VLSB
MV-0008,RKPE
MV-0008,IQ-0005
MV-0008,MV-0002
MV-0008,KP-0064
MV-0008,ID-0176
MV-0008,KEZ
OT62,KG-0005
OT62,GE-0015
OT62,JO-0004
OT62,KP-0001
OT62,VCCA
OT62,VRBK
OT62,IQ-0052
OT62,VLLB
OT62,VRMV
OT62,ID-0266
OT62,VRMK
OT62,KR-0611
OT62,UGKO
OT62,ORNI
OT62,KP-0024
VRMT,LLAZ
VRMT,KG-0042
VRMT,VLXL
VRMT,JO-0006
VRMT,VHHH
VRMT,LA-0003
VRMT,HK-0008
VRMT,KP-0055
VRMT,MV-0004
VRMT,RK95
VRMT,KP-0077
VRMT,RK17
VRMT,VLSN
VRMT,VLVT
VRMT,IQ-0047
VRMT,ID-0062
VRMT,RK22
VRMT,UG22
KP-0035,VLXK
KP-0035,KP-0078
KP-0035,WABC
KP-0035,LA-0001
KP-0035,VRMO
KP-0035,HK-0099
KP-0035,HK-0079
KP-0035,MV-0008
KP-0035,RK36
KP-0035,UGKO
KP-0035,KDZ
KP-0035,KG-0018
VLAP,OJMS
VLAP,RKRN
VLAP,KG-0042
VLAP,HK-0099
VLAP,VLVT
VLAP,ORKK
VLAP,UG22
VLAP,GE-0004
VLAP,KP-0001
VLAP,KP-0024
VLAP,KR-0057
VLAP,JO-0002
VLAP,JO-0006
VRMV,MV-0002
VRMV,WALT
VRMV,ID-0266
VRMV,OTBD
VRMV,IQ-0023
VRMV,HBT
VRMV,ORTL
VRMV,KG-0014
VRMV,GE-0011
VRMV,OT62
VRMV,MV-0012
VRMV,GE-0017
VRMV,IQ-0010
VRMV,VLPS
VRMV,ID-0139
VRMV,KP-0063
VRMV,YPCC
UGKO,LA-0006
UGKO,KP-0024
UGKO,LK-0006
UGKO,KP-0072
UGKO,VCCB
UGKO,VLHS
UGKO,MV-0007
UGKO,KP-0067
UGKO,GE-0011
UGKO,WAWW
UGKO,VLPS
UGKO,GE-0006
UGKO,OT62
UGKO,KP-0035
UGKO,RK82
UGKO,GE-0010
MV-0010,IQ-0055
MV-0010,KG-0020
MV-0010,JO-0003
MV-0010,VRNT
MV-0010,UGAM
MV-0010,KG-0042
MV-0010,OTBH
MV-0010,YPCC
MV-0010,VCCA
MV-0010,KP-0064
MV-0010,GE-0010
MV-0010,KG-0004
MV-0010,KDW
MV-0010,VCCJ
MV-0010,JO-0008
MV-0012,WABC
MV-0012,ORAT
MV-0012,KP-0063
MV-0012,VRDA
MV-0012,OJMF
MV-0012,UAFP
MV-0012,QA-0001
MV-0012,KG-0027
MV-0012,KG-0028
MV-0012,VRMV
MV-0012,IQ-0029
MV-0012,UGSS
MV-0012,OTHH
MV-0012,RK25
MV-0012,LK-0004
MV-0012,KDW
MV-0012,VRMM
MV-0011,KP-0055
MV-0011,VRNT
MV-0011,LA-0004
MV-0011,KP-0085
MV-0011,GE-0013
MV-0011,IQ-0023
MV-0011,IQ-0010
MV-0011,RKUL
MV-0011,KP-0072
MV-0011,UG28
QJP,VRMO
QJP,VLXK
QJP,IQ-0019
QJP,OJAM
QJP,KP-0013
QJP,KP-0075
QJP,UG28
QJP,ID-0011
QJP,LA-0005
QJP,FND
QJP,KP-0055
QJP,DGM
QJP,GE-0015
QJP,KG-0004
QJP,KP-0019
WIIK,VCCC
WIIK,VLVT
WIIK,IQ-0019
WIIK,KP-0055
WIIK,VCCJ
WIIK,KG-0042
WIIK,IQ-0052
WIIK,KG-0014
WIIK,VLXL
WIIK,KP-0011
WIIK,DWO
WIIK,PS-0002
WIIK,ID-0088
WIIK,MV-0002
WIIK,GE-0017
WIIK,JO-0009
WIIK,ORTL
WIIK,VMMC
WIIK,UGSS
WIIK,OJMF
OJAM,KG-0028
OJAM,ORKK
OJAM,VCCJ
OJAM,QJP
OJAM,IQ-0029
OJAM,VHHH
OJAM,OTBH
OJAM,KP-0072
OJAM,GE-0017
OJAM,KP-0064
KG-0042,VRMT
KG-0042,KG-0028
KG-0042,IQ-0036
KG-0042,RK82
KG-0042,VLAP
KG-0042,MV-0010
KG-0042,WIIK
KG-0042,RK17
KG-0042,MV-0002
KG-0042,PCQ
KG-0042,QA-0009
KG-0042,KG-0027
KG-0042,UGSB
KG-0042,WAWW
KG-0042,KP-0067
OJAI,OJJR
OJAI,ID-0266
OJAI,OTBK
OJAI,UGSS
OJAI,VCCA
OJAI,KG-0033
OJAI,LA-0002
OJAI,HK-0001
OJAI,ID-0011
OJAI,VMMC
OJAI,YPCC
OJAI,GE-0015
OJAI,ID-0062
OJAI,ORNI
OJAI,WASB
OJAI,QA-0012
OJAI,ID-0083
OJAI,MV-0002
OJAI,IQ-0023
VHHX,MV-0003
VHHX,VLHS
VHHX,MV-0004
VHHX,ORAT
VHHX,FND
VHHX,IQ-0001
VHHX,ID-0077
VHHX,RK25
VHHX,LA-0004
VHHX,VRMM
VHHX,OTBK
VHHX,YPCC
VHHX,MV-0001
VHHX,KP-0075
VHHX,WABC
VHHX,KG-0020
VHHX,KP-0001
OJAQ,HBT
OJAQ,KP-0067
OJAQ,IQ-0029
OJAQ,WAPC
OJAQ,VRMM
OJAQ,GE-0015
OJAQ,VREI
OJAQ,ORKK
OJAQ,IQ-0035
OJAQ,VMMC
OJAQ,MV-0003
OJAQ,VCCC
LK-0006,KG-0004
LK-0006,KR-0064
LK-0006,MV-0008
LK-0006,UGKO
LK-0006,RK17
LK-0006,VLHS
LK-0006,KG-0007
LK-0006,ID-0088
LK-0006,KP-0013
LK-0006,UAFL
LK-0006,KG-0033
LK-0006,GE-0013
LK-0006,MV-0007
LK-0006,QA-0009
LK-0006,VRDA
LK-0006,RK95
VRMK,GE-0011
VRMK,WASB
VRMK,KP-0056
VRMK,LA-0001
VRMK,VCCC
VRMK,VHHH
VRMK,GE-0015
VRMK,OTHH
VRMK,KP-0005
VRMK,KG-0027
VRMK,RK95
VRMK,GE-0001
VRMK,KG-0006
VRMK,VLVT
VRMK,GE-0004
VRMK,OT62
VRMK,MV-0004
VRMK,IQ-0006
VRMK,VRNT
ORAT,MV-0012
ORAT,ID-0167
ORAT,VHHX
ORAT,QA-0012
ORAT,KG-0044
ORAT,QA-0009
ORAT,HK-0008
LK-0003,ID-0266
LK-0003,UGSS
LK-0003,IQ-0019
LK-0003,GE-0017
LK-0003,WAFM
LK-0003,VCCB
LK-0003,ID-0011
LK-0003,WASB
LK-0003,VLXL
LK-0003,HK-0008
LK-0003,IQ-0001
LK-0003,JO-0007
LK-0003,KP-0082
LK-0003,UAFP
LK-0003,UAFG
LK-0003,LA-0004
LK-0003,UG0U
LK-0003,KG-0027
VRMM,JO-0007
VRMM,KG-0005
VRMM,KP-0019
VRMM,GE-0010
VRMM,OJAQ
VRMM,VHHX
VRMM,GE-0001
VRMM,KP-0064
VRMM,RKPU
VRMM,VLXK
VRMM,OJHF
VRMM,VCCC
VRMM,GE-0004
VRMM,KG-0007
VRMM,MV-0012
VRMM,IQ-0049
LK-0002,KP-0067
LK-0002,IQ-0037
LK-0002,HBT
LK-0002,IQ-0029
LK-0002,IQ-0013
LK-0002,LA-0003
LK-0002,KG-0018
LK-0002,GE-0002
LK-0002,GE-0004
LK-0002,JO-0009
LK-0002,VLXK
LK-0002,RK22
LK-0002,KG-0005
LK-0002,JO-0005
LK-0002,VLSV
LK-0002,KP-0078
LK-0002,GE-0006
LK-0002,UG22
VRMO,JO-0003
VRMO,QJP
VRMO,WIOS
VRMO,RK25
VRMO,KP-0035
VRMO,ID-0266
VRMO,LA-0005
VRMO,LMV
VRMO,IQ-0010
VRMO,GE-0006
VRMO,JO-0007
VRMO,UG0U
VRMO,KG-0005
VRMO,IQ-0036
LK-0004,JO-0005
LK-0004,OJMF
LK-0004,GE-0017
LK-0004,IQ-0037
LK-0004,JO-0003
LK-0004,IQ-0010
LK-0004,HK-0008
LK-0004,RK22
LK-0004,QA-0012
LK-0004,IQ-0019
LK-0004,OTBD
LK-0004,MV-0012
LK-0004,KP-0078
LK-0004,KG-0035
LK-0004,VHHH
LK-0004,OJHR
KG-0044,IQ-0052
KG-0044,RK17
KG-0044,KP-0070
KG-0044,KR-0057
KG-0044,VCCC
KG-0044,WIDS
KG-0044,HK-0079
KG-0044,HK-0001
KG-0044,HK-0081
KG-0044,RK39
KG-0044,ORAT
KG-0044,MV-0004
KG-0044,KDZ
KG-0044,ID-0088
OTHH,LA-0003
OTHH,MV-0008
OTHH,KG-0014
OTHH,KEZ
OTHH,KP-0055
OTHH,RK25
OTHH,VRMK
OTHH,OTBK
OTHH,ID-0077
OTHH,HK-0081
OTHH,MV-0012
OTHH,JO-0005
OTHH,VLXK
OTHH,RK82
OTHH,IQ-0055
GE-0011,GE-0013
GE-0011,VRMK
GE-0011,UG28
GE-0011,LA-0006
GE-0011,LMV
GE-0011,VRMV
GE-0011,VMMC
GE-0011,UGKO
GE-0011,LA-0005
GE-0011,ID-0077
GE-0010,VLSK
GE-0010,IQ-0023
GE-0010,VCCJ
GE-0010,KP-0005
GE-0010,KG-0009
GE-0010,VRMM
GE-0010,RK25
GE-0010,MV-0010
GE-0010,ID-0011
GE-0010,HK-0008
GE-0010,RKPU
GE-0010,LLAZ
GE-0010,UGKO
DBK,PCQ
DBK,JO-0006
DBK,GE-0004
DBK,IQ-0010
DBK,VLXL
DBK,IQ-0023
DBK,LA-0004
DBK,KG-0035
DBK,KG-0013
DBK,RK39
DBK,KR-0064
DBK,KG-0027
DBK,KG-0018
DBK,OJMS
DBK,RKPU
DBK,UG24
QA-0014,VCCN
QA-0014,PS-0002
QA-0014,HK-0063
QA-0014,KG-0005
QA-0014,KG-0027
QA-0014,VLLB
QA-0014,KG-0020
QA-0014,IQ-0052
QA-0014,KP-0064
QA-0014,KG-0013
QA-0014,RK36
UGMM,QA-0012
UGMM,KG-0004
UGMM,IQ-0029
UGMM,OTBD
UGMM,LA-0005
UGMM,GE-0003
UGMM,KG-0028
UGMM,IQ-0049
UGMM,RK82
UGMM,IQ-0023
UGMM,HK-0079
UGMM,PS-0002
UGMM,OJMS
UGMM,KP-0019
DBU,VREI
DBU,PCQ
DBU,ORTL
DBU,OJJR
DBU,GE-0004
DBU,HK-0063
DBU,KG-0018
DBU,UG24
DBU,UGSB
DBU,UG0U
DBU,KG-0006
DBU,OTBK
DBU,VLSK
DBU,JO-0003
DBU,ID-0176
DBU,KP-0055
DBU,VCCC
DBU,WASB
DBU,RKTI
IQ-0035,KG-0006
IQ-0035,FND
IQ-0035,KG-0027
IQ-0035,DGM
IQ-0035,WIDS
IQ-0035,GE-0005
IQ-0035,VHSK
IQ-0035,KP-0063
IQ-0035,WALT
IQ-0035,OJAQ
IQ-0035,ID-0167
IQ-0035,UGSB
IQ-0035,KP-0064
IQ-0035,KG-0034
GE-0013,PS-0002
GE-0013,GE-0011
GE-0013,IQ-0006
GE-0013,AFK
GE-0013,MV-0011
GE-0013,LVGZ
GE-0013,KR-0621
GE-0013,KP-0013
GE-0013,UAFG
GE-0013,KP-0063
GE-0013,UG22
GE-0013,KG-0033
GE-0013,MV-0004
GE-0013,LK-0006
GE-0013,IQ-0047
GE-0013,HK-0002
IQ-0036,OJMF
IQ-0036,VLSK
IQ-0036,KG-0042
IQ-0036,OJHF
IQ-0036,VLXK
IQ-0036,VLSN
IQ-0036,RK36
IQ-0036,KP-0024
IQ-0036,KR-0621
IQ-0036,QA-0009
IQ-0036,VLLB
IQ-0036,GE-0017
IQ-0036,VRMO
IQ-0036,RK25
IQ-0036,VLSV
IQ-0036,UAFL
IQ-0036,HK-0079
IQ-0037,LK-0002
IQ-0037,JO-0002
IQ-0037,WAWW
IQ-0037,VCCW
IQ-0037,KG-0027
IQ-0037,WABC
IQ-0037,LK-0004
IQ-0037,YPCC
IQ-0037,ID-0167
IQ-0037,FND
IQ-0037,KG-0028
GE-0015,OT62
GE-0015,ID-0077
GE-0015,KDZ
GE-0015,LA-0006
GE-0015,WIDS
GE-0015,VRMK
GE-0015,GE-0001
GE-0015,ID-0266
GE-0015,OJAQ
GE-0015,IQ-0055
GE-0015,IQ-0011
GE-0015,QJP
GE-0015,ORKK
GE-0015,KG-0014
GE-0015,OJAI
GE-0015,KG-0035
GE-0015,WIOS
GE-0015,JO-0008
GE-0015,WI1G
GE-0015,UG24
GE-0015,OTBH
LLAZ,WAPC
LLAZ,VRMT
LLAZ,OTBH
LLAZ,KP-0011
LLAZ,GE-0003
LLAZ,WALT
LLAZ,WIOS
LLAZ,RK95
LLAZ,GE-0010
LLAZ,QA-0012
LLAZ,KG-0035
GE-0017,LA-0004
GE-0017,RK25
GE-0017,WALT
GE-0017,LK-0004
GE-0017,LK-0003
GE-0017,PS-0001
GE-0017,KP-0005
GE-0017,KG-0005
GE-0017,VRMV
GE-0017,KG-0007
GE-0017,QA-0001
GE-0017,UAFL
GE-0017,JO-0007
GE-0017,WIIK
GE-0017,IQ-0036
GE-0017,RKRN
GE-0017,OJAM
GE-0017,KP-0075
YPCC,RK22
YPCC,JO-0009
YPCC,LVGZ
YPCC,KP-0055
YPCC,KP-0077
YPCC,IQ-0001
YPCC,IQ-0037
YPCC,MV-0010
YPCC,JO-0005
YPCC,VHHX
YPCC,IQ-0019
YPCC,LA-0004
YPCC,ID-0062
YPCC,OJAI
YPCC,KG-0020
YPCC,KP-0070
YPCC,VRMV
OJ38,WIDS
OJ38,MV-0002
OJ38,IQ-0001
OJ38,IQ-0010
OJ38,VHHH
OJ38,LMV
OJ38,ID-0077
OJ38,VLHS
OJ38,VLOS
OJ38,IQ-0006
OJ38,VLLN
OJ38,GE-0001
OJ38,IQ-0047
VLSK,IQ-0036
VLSK,GE-0010
VLSK,UAFL
VLSK,MV-0004
VLSK,RKRN
VLSK,KG-0004
VLSK,OJMF
VLSK,DBU
VLSK,QA-0012
VLSK,KP-0075
VLSK,OJMS
VLSK,KP-0058
VLSK,GE-0002
VLSK,IQ-0019
VLSK,JO-0003
VLSK,LA-0005
VLSK,KP-0064
PS-0002,QA-0014
PS-0002,GE-0013
PS-0002,KR-0611
PS-0002,LMV
PS-0002,KG-0020
PS-0002,UG22
PS-0002,JO-0007
PS-0002,WIIK
PS-0002,UGMM
PS-0002,VRBK
PS-0002,GE-0004
PS-0002,KP-0078
PS-0002,HK-0063
PS-0002,ID-0077
VRNT,MV-0011
VRNT,RK22
VRNT,MV-0010
VRNT,KEZ
VRNT,KP-0078
VRNT,KDZ
VRNT,UAFL
VRNT,KP-0019
VRNT,PCQ
VRNT,KR-0621
VRNT,QA-0001
VRNT,RKPC
VRNT,WABC
VRNT,ID-0266
VRNT,VLSV
VRNT,JO-0002
VRNT,WAFM
VRNT,VRMK
VRNT,KR-0017
VLSB,ID-0085
VLSB,KR-0611
VLSB,UGSS
VLSB,KP-0063
VLSB,KP-0078
VLSB,VCCB
VLSB,KP-0070
VLSB,VLXL
VLSB,MV-0008
VLSB,RKTI
VLSB,JO-0003
VLSB,WAPC
PS-0001,ORTL
PS-0001,VCCA
PS-0001,KG-0034
PS-0001,RKTI
PS-0001,AFK
PS-0001,KP-0055
PS-0001,ID-0083
PS-0001,GE-0017
PS-0001,VLOS
PS-0001,HK-0079
PS-0001,QA-0009
PS-0001,VLLB
PS-0001,RKPE
PS-0001,IQ-0013
PS-0001,IQ-0005
PS-0001,KG-0032
PS-0001,KG-0004
PS-0001,RKUL
PS-0001,WAPC
PS-0001,VLSN
PS-0001,HK-0001
VLSV,VCCW
VLSV,UAFP
VLSV,PCQ
VLSV,VCCA
VLSV,VLXK
VLSV,ID-0266
VLSV,KR-0621
VLSV,KR-0611
VLSV,ID-0085
VLSV,JO-0004
VLSV,GE-0001
VLSV,LMV
VLSV,LK-0002
VLSV,VRNT
VLSV,IQ-0036
VLSV,KP-0067
VLSV,KP-0001
ID-0167,ORAT
ID-0167,RK82
ID-0167,HK-0063
ID-0167,GE-0005
ID-0167,JO-0005
ID-0167,WI1G
ID-0167,UG28
ID-0167,QA-0009
ID-0167,LA-0005
ID-0167,VLHS
ID-0167,IQ-0037
ID-0167,AFK
ID-0167,ID-0083
ID-0167,GE-0003
ID-0167,IQ-0035
ID-0167,UGSB
ID-0167,IQ-0019
ID-0167,ID-0011
IQ-0023,GE-0010
IQ-0023,GE-0004
IQ-0023,VCCC
IQ-0023,DBK
IQ-0023,VRMV
IQ-0023,VRDA
IQ-0023,KG-0032
IQ-0023,MV-0011
IQ-0023,IQ-0055
IQ-0023,KDW
IQ-0023,RKPU
IQ-0023,ID-0062
IQ-0023,LA-0005
IQ-0023,UGMM
IQ-0023,VCCS
IQ-0023,HK-0063
IQ-0023,ID-0083
IQ-0023,UG24
IQ-0023,OJAI
GE-0002,KP-0019
GE-0002,UG28
GE-0002,QA-0009
GE-0002,HK-0081
GE-0002,KG-0028
GE-0002,RKUL
GE-0002,LK-0002
GE-0002,ID-0062
GE-0002,UAFG
GE-0002,KDZ
GE-0002,LA-0006
GE-0002,VLSK
GE-0001,VRDA
GE-0001,DGM
GE-0001,VLXK
GE-0001,QA-0009
GE-0001,GE-0015
GE-0001,ID-0088
GE-0001,FND
GE-0001,VRMM
GE-0001,JO-0015
GE-0001,WAPC
GE-0001,RKRN
GE-0001,VRMK
GE-0001,UAFL
GE-0001,OTBD
GE-0001,VLSV
GE-0001,KEZ
GE-0001,OJ38
VLSN,VHHH
VLSN,GE-0003
VLSN,IQ-0013
VLSN,UGAM
VLSN,GE-0004
VLSN,KP-0072
VLSN,VLHS
VLSN,KG-0018
VLSN,KR-0064
VLSN,VMMC
VLSN,IQ-0036
VLSN,KP-0063
VLSN,ID-0266
VLSN,DWO
VLSN,VRMT
VLSN,IQ-0049
VLSN,PS-0001
VLSN,RKRN
GE-0004,IQ-0023
GE-0004,KP-0013
GE-0004,DBK
GE-0004,VLPS
GE-0004,VLSN
GE-0004,DBU
GE-0004,ID-0266
GE-0004,ID-0062
GE-0004,KG-0018
GE-0004,LA-0004
GE-0004,LK-0002
GE-0004,RKTI
GE-0004,WI1G
GE-0004,KG-0028
GE-0004,KP-0058
GE-0004,VRMM
GE-0004,VRMK
GE-0004,MV-0002
GE-0004,VLAP
GE-0004,KR-0611
GE-0004,QA-0009
GE-0004,GE-0005
GE-0004,PS-0002
GE-0004,IQ-0006
GE-0004,JO-0004
GE-0003,VLSN
GE-0003,KP-0070
GE-0003,ID-0139
GE-0003,GE-0005
GE-0003,LLAZ
GE-0003,IQ-0019
GE-0003,HK-0001
GE-0003,KG-0020
GE-0003,OJHR
GE-0003,UGMM
GE-0003,ID-0167
GE-0003,VCCS
GE-0003,KDW
GE-0003,RKUL
GE-0003,KG-0035
GE-0003,KP-0082
GE-0003,KG-0007
GE-0003,ORTL
GE-0003,VCCW
GE-0003,DGM
GE-0003,KP-0005
GE-0006,KP-0075
GE-0006,KP-0077
GE-0006,ID-0011
GE-0006,PCQ
GE-0006,UGAM
GE-0006,KG-0009
GE-0006,MV-0001
GE-0006,VCCB
GE-0006,HK-0001
GE-0006,RKUL
GE-0006,VRMO
GE-0006,HK-0002
GE-0006,LA-0003
GE-0006,UGKO
GE-0006,OJMF
GE-0006,VCCA
GE-0006,LK-0002
IQ-0029,VMMC
IQ-0029,RK36
IQ-0029,OJAQ
IQ-0029,UGMM
IQ-0029,VLHS
IQ-0029,LK-0002
IQ-0029,OJAM
IQ-0029,RK82
IQ-0029,WI1G
IQ-0029,KP-0072
IQ-0029,KDZ
IQ-0029,MV-0012
IQ-0029,AFK
IQ-0029,GE-0005
IQ-0029,IQ-0049
IQ-0029,DGM
IQ-0029,IQ-0001
GE-0005,ORKK
GE-0005,VMMC
GE-0005,ID-0167
GE-0005,GE-0003
GE-0005,KG-0006
GE-0005,UAFL
GE-0005,IQ-0001
GE-0005,IQ-0035
GE-0005,HK-0002
GE-0005,KG-0013
GE-0005,WAWW
GE-0005,GE-0004
GE-0005,IQ-0029
ORTL,KR-0017
ORTL,PS-0001
ORTL,DBU
ORTL,UGSS
ORTL,OTBH
ORTL,VLXL
ORTL,OJHF
ORTL,KP-0001
ORTL,LA-0002
ORTL,JO-0015
ORTL,UG0U
ORTL,VRMV
ORTL,VCCA
ORTL,ORNI
ORTL,RK17
ORTL,KP-0058
ORTL,DGM
ORTL,LA-0003
ORTL,WIIK
ORTL,GE-0003
HK-0002,KP-0011
HK-0002,KP-0056
HK-0002,VHHH
HK-0002,UG24
HK-0002,VRDA
HK-0002,KG-0027
HK-0002,WAFM
HK-0002,FND
HK-0002,GE-0005
HK-0002,HK-0079
HK-0002,GE-0006
HK-0002,VHSK
HK-0002,VREI
HK-0002,OJMS
HK-0002,MV-0001
HK-0002,KG-0006
HK-0002,ID-0062
HK-0002,GE-0013
HK-0002,VLVT
HK-0001,VLOS
HK-0001,VCCS
HK-0001,KP-0001
HK-0001,RK17
HK-0001,GE-0003
HK-0001,GE-0006
HK-0001,OJAI
HK-0001,RKPU
HK-0001,KEZ
HK-0001,KG-0044
HK-0001,KP-0082
HK-0001,KP-0072
HK-0001,PS-0001
RKPE,JO-0006
RKPE,WAWW
RKPE,JO-0005
RKPE,KG-0005
RKPE,KG-0028
RKPE,KG-0006
RKPE,RK39
RKPE,KP-0055
RKPE,MV-0008
RKPE,PS-0001
RKPE,RK22
RKPE,KP-0077
RKPE,KP-0024
RKPE,LA-0003
RKPE,UGAM
RKPE,JO-0002
RKPE,ID-0176
RKPE,KG-0014
VCCW,QA-0001
VCCW,VLSV
VCCW,KR-0621
VCCW,IQ-0037
VCCW,VCCJ
VCCW,UGSS
VCCW,UAFL
VCCW,WASB
VCCW,VRDA
VCCW,OTBH
VCCW,GE-0003
VCCW,KG-0014
RKPC,ID-0176
RKPC,ID-0083
RKPC,WAWW
RKPC,KDW
RKPC,LA-0003
RKPC,VRNT
RKPC,KP-0013
RKPC,KG-0020
RKPC,KR-0621
QA-0001,KG-0035
QA-0001,VCCW
QA-0001,LMV
QA-0001,KP-0082
QA-0001,QA-0012
QA-0001,JO-0015
QA-0001,MV-0012
QA-0001,KG-0018
QA-0001,LA-0003
QA-0001,VRNT
QA-0001,GE-0017
QA-0001,KP-0075
QA-0001,WAFM
QA-0001,ID-0088
ID-0011,JO-0015
ID-0011,KG-0027
ID-0011,GE-0006
ID-0011,JO-0004
ID-0011,IQ-0006
ID-0011,VCCC
ID-0011,VRBK
ID-0011,QJP
ID-0011,OJAI
ID-0011,LK-0003
ID-0011,WAFM
ID-0011,VLOS
ID-0011,KP-0013
ID-0011,AFK
ID-0011,JO-0002
ID-0011,GE-0010
ID-0011,VRDA
ID-0011,RK17
ID-0011,ID-0167
ID-0011,UAFL
ID-0011,IQ-0052
IQ-0010,KP-0085
IQ-0010,DBK
IQ-0010,RK25
IQ-0010,OJ38
IQ-0010,LK-0004
IQ-0010,VRBK
IQ-0010,VRMO
IQ-0010,WAPC
IQ-0010,MV-0011
IQ-0010,VRMV
IQ-0010,VLVT
IQ-0010,RKTE
IQ-0010,RK36
IQ-0011,DWO
IQ-0011,KP-0058
IQ-0011,RKTE
IQ-0011,GE-0015
IQ-0011,KG-0007
IQ-0011,KR-0064
IQ-0011,LMV
IQ-0011,ID-0085
IQ-0011,KG-0027
IQ-0013,KP-0078
IQ-0013,ID-0176
IQ-0013,JO-0015
IQ-0013,VLSN
IQ-0013,WI1G
IQ-0013,VCCJ
IQ-0013,LK-0002
IQ-0013,RKRN
IQ-0013,ID-0085
IQ-0013,KR-0057
IQ-0013,PS-0001
IQ-0013,KDZ
IQ-0013,ID-0088
IQ-0013,QA-0012
ID-0139,WALT
ID-0139,HK-0063
ID-0139,LMV
ID-0139,ID-0062
ID-0139,GE-0003
ID-0139,KDW
ID-0139,MV-0007
ID-0139,MV-0008
ID-0139,VRBK
ID-0139,KR-0611
ID-0139,RK39
ID-0139,JO-0003
ID-0139,ID-0083
ID-0139,KP-0082
ID-0139,KG-0013
ID-0139,QA-0009
ID-0139,KG-0004
ID-0139,VRMV
ID-0139,LVGZ
ID-0139,MV-0003
ID-0139,AFK
ID-0139,VLHS
RKPU,DGM
RKPU,LA-0006
RKPU,VCCA
RKPU,LA-0005
RKPU,OJJR
RKPU,VRMM
RKPU,IQ-0023
RKPU,KG-0004
RKPU,KDW
RKPU,HK-0001
RKPU,WI1G
RKPU,KEZ
RKPU,ID-0062
RKPU,GE-0010
RKPU,KP-0063
RKPU,UAFG
RKPU,MV-0007
RKPU,DBK
VLVT,WIIK
VLVT,UAFG
VLVT,OJMS
VLVT,KP-0019
VLVT,VLAP
VLVT,VLLB
VLVT,QA-0009
VLVT,OTBD
VLVT,VRMK
VLVT,VRMT
VLVT,VLXK
VLVT,IQ-0010
VLVT,VLOS
VLVT,HK-0002
IQ-0019,VCCJ
IQ-0019,RKTI
IQ-0019,QJP
IQ-0019,WIIK
IQ-0019,LK-0003
IQ-0019,GE-0003
IQ-0019,ORKK
IQ-0019,HK-0079
IQ-0019,VREI
IQ-0019,YPCC
IQ-0019,VCCB
IQ-0019,HBT
IQ-0019,LK-0004
IQ-0019,VHSK
IQ-0019,VLSK
IQ-0019,ID-0167
IQ-0019,RKRN
HK-0008,QA-0009
HK-0008,KP-0072
HK-0008,OTBH
HK-0008,KP-0001
HK-0008,IQ-0052
HK-0008,HK-0063
HK-0008,KG-0005
HK-0008,KG-0020
HK-0008,LA-0002
HK-0008,QA-0012
HK-0008,VRMT
HK-0008,UAFG
HK-0008,LK-0004
HK-0008,WASB
HK-0008,MV-0004
HK-0008,LK-0003
HK-0008,RK95
HK-0008,GE-0010
HK-0008,LMV
HK-0008,ORAT
LVGZ,MV-0004
LVGZ,VLLN
LVGZ,YPCC
LVGZ,GE-0013
LVGZ,WALT
LVGZ,MV-0007
LVGZ,ID-0085
LVGZ,ID-0139
LVGZ,IQ-0001
LVGZ,KP-0078
LVGZ,MV-0001
LVGZ,VHSK
LVGZ,RKRN
LVGZ,OJHR
LVGZ,JO-0015
VCCA,PS-0001
VCCA,IQ-0055
VCCA,RK22
VCCA,ID-0085
VCCA,RKPU
VCCA,OT62
VCCA,OJAI
VCCA,ID-0083
VCCA,VLSV
VCCA,UG28
VCCA,JO-0015
VCCA,MV-0010
VCCA,MV-0007
VCCA,ORTL
VCCA,RKUL
VCCA,GE-0006
VCCB,VLLB
VCCB,LA-0001
VCCB,RKUL
VCCB,GE-0006
VCCB,LK-0003
VCCB,VLSB
VCCB,UAFL
VCCB,UGKO
VCCB,IQ-0019
VCCB,VLPS
VCCB,OTBD
VCCB,RK25
VCCB,FND
VCCB,UG22
VCCC,ID-0062
VCCC,WIIK
VCCC,IQ-0023
VCCC,ID-0011
VCCC,VRMK
VCCC,OTBD
VCCC,KR-0057
VCCC,KG-0044
VCCC,DWO
VCCC,FND
VCCC,OJHR
VCCC,KP-0067
VCCC,VRMM
VCCC,VCCN
VCCC,KG-0004
VCCC,DBU
VCCC,VLHS
VCCC,KP-0078
VCCC,RK39
VCCC,KG-0006
VCCC,OJAQ
KP-0005,KR-0621
KP-0005,OJMS
KP-0005,VLLN
KP-0005,LA-0006
KP-0005,MV-0004
KP-0005,VLXK
KP-0005,GE-0010
KP-0005,KP-0078
KP-0005,RKTE
KP-0005,KG-0033
KP-0005,VRMK
KP-0005,VREI
KP-0005,GE-0017
KP-0005,IQ-0047
KP-0005,ID-0088
KP-0005,VRDA
KP-0005,IQ-0055
KP-0005,KG-0020
KP-0005,RK39
KP-0005,GE-0003
QA-0012,UGAM
QA-0012,UGMM
QA-0012,MV-0002
QA-0012,MV-0004
QA-0012,QA-0001
QA-0012,ID-0085
QA-0012,HK-0008
QA-0012,ORAT
QA-0012,LK-0004
QA-0012,VLSK
QA-0012,OTBH
QA-0012,KP-0055
QA-0012,OJAI
QA-0012,IQ-0013
QA-0012,LLAZ
QA-0012,RK17
KP-0001,KG-0013
KP-0001,IQ-0005
KP-0001,UGSB
KP-0001,PCQ
KP-0001,HK-0008
KP-0001,OT62
KP-0001,MV-0004
KP-0001,HK-0001
KP-0001,ORTL
KP-0001,KG-0004
KP-0001,OJMS
KP-0001,VLAP
KP-0001,RK39
KP-0001,LA-0004
KP-0001,KG-0033
KP-0001,KG-0034
KP-0001,HK-0063
KP-0001,VHHX
KP-0001,VLSV
VCCN,KP-0058
VCCN,QA-0014
VCCN,UAFP
VCCN,RK95
VCCN,KP-0070
VCCN,KP-0055
VCCN,UGAM
VCCN,OTBD
VCCN,QA-0009
VCCN,VLHS
VCCN,VCCC
VCCN,OJHR
QA-0009,VLLN
QA-0009,HK-0008
QA-0009,GE-0002
QA-0009,GE-0001
QA-0009,ID-0167
QA-0009,KP-0067
QA-0009,KP-0019
QA-0009,VLVT
QA-0009,VCCN
QA-0009,KG-0005
QA-0009,PS-0001
QA-0009,IQ-0036
QA-0009,WAPC
QA-0009,KG-0042
QA-0009,ID-0088
QA-0009,UG22
QA-0009,KG-0033
QA-0009,ID-0139
QA-0009,GE-0004
QA-0009,ORAT
QA-0009,LK-0006
QA-0009,UGAM
ID-0266,OJAI
ID-0266,LK-0003
ID-0266,GE-0004
ID-0266,VRMV
ID-0266,ID-0176
ID-0266,KR-0057
ID-0266,VLSV
ID-0266,GE-0015
ID-0266,VRMO
ID-0266,VLSN
ID-0266,OT62
ID-0266,JO-0009
ID-0266,VRNT
ID-0266,JO-0003
ID-0266,KEZ
ID-0266,KG-0018
VCCS,HK-0001
VCCS,MV-0004
VCCS,UGAM
VCCS,ID-0176
VCCS,OTBD
VCCS,MV-0008
VCCS,VHSK
VCCS,KG-0028
VCCS,LMV
VCCS,IQ-0023
VCCS,GE-0003
VCCS,KG-0013
VCCS,IQ-0001
VCCS,RK36
VCCS,LA-0005
IQ-0001,IQ-0049
IQ-0001,HBT
IQ-0001,VHHX
IQ-0001,WASB
IQ-0001,YPCC
IQ-0001,OJ38
IQ-0001,GE-0005
IQ-0001,LK-0003
IQ-0001,VCCS
IQ-0001,KP-0067
IQ-0001,WALT
IQ-0001,IQ-0006
IQ-0001,LVGZ
IQ-0001,IQ-0029
WALT,VRMV
WALT,ID-0139
WALT,GE-0017
WALT,LVGZ
WALT,IQ-0049
WALT,KDW
WALT,RKUL
WALT,JO-0008
WALT,KG-0018
WALT,KG-0034
WALT,LLAZ
WALT,LA-0004
WALT,IQ-0035
WALT,PCQ
WALT,IQ-0001
WALT,UAFP
WALT,DGM
IQ-0005,KP-0001
IQ-0005,UG24
IQ-0005,VLOS
IQ-0005,KG-0035
IQ-0005,MV-0008
IQ-0005,VRDA
IQ-0005,PS-0001
IQ-0005,KP-0013
IQ-0006,WI1G
IQ-0006,MV-0007
IQ-0006,GE-0013
IQ-0006,ID-0011
IQ-0006,VLLN
IQ-0006,ID-0088
IQ-0006,LA-0003
IQ-0006,OTBH
IQ-0006,RK17
IQ-0006,KG-0034
IQ-0006,VHSK
IQ-0006,OJ38
IQ-0006,IQ-0055
IQ-0006,IQ-0001
IQ-0006,OJMF
IQ-0006,GE-0004
IQ-0006,KEZ
IQ-0006,VRMK
VCCJ,KG-0014
VCCJ,IQ-0019
VCCJ,OJAM
VCCJ,VCCW
VCCJ,IQ-0013
VCCJ,KG-0032
VCCJ,GE-0010
VCCJ,WIIK
VCCJ,VLXL
VCCJ,VLHS
VCCJ,UG22
VCCJ,KR-0611
VCCJ,MV-0002
VCCJ,MV-0010
