from,to
LTBZ,TR-0029
LTBZ,LTCA
LTBZ,LTBO
LTBZ,LTCM
LTCA,LTBZ
LTCA,LTAP
LTCA,LTCT
TR-0030,LTBA
TR-0030,LTBR
TR-0011,LTBR
TR-0011,LTBO
TR-0011,LTBA
LTCF,LTAB
LTCF,LTCE
LTCF,LTCJ
LTCE,LTCF
LTCE,LTBQ
LTCE,LTCT
LTAB,LTCG
LTAB,LTCF
LTAH,LTCJ
LTAH,TR-0002
LTAH,TR-0120
LTCJ,TR-0120
LTCJ,LTAH
LTCJ,TR-0029
LTCJ,LTCF
LTCI,LTAQ
LTCI,LT86
LTCI,TR-0018
LTCG,LTCL
LTCG,LTAB
LTCN,LTBJ
LTCN,LT86
LTCM,TR-0014
LTCM,LTAV
LTCM,LTBZ
LTCM,TR-0002
LTCL,TR-0002
LTCL,LTCG
LTAP,LTCA
LTAP,LTCT
LTAP,TR-0002
LTCP,TR-0018
LTCP,LTAX
LFTO,LTCT
LFTO,LTBJ
TR-0035,LTAQ
TR-0013,TR-0215
TR-0013,LTBC
TR-0013,TR-0002
LTCT,LTAP
LTCT,LFTO
LTCT,LTCA
LTCT,LTCE
TR-0036,LTDA
TR-0036,TR-0038
LTAQ,TR-0035
LTAQ,LTCI
TR-0014,TR-0038
TR-0014,LTCM
TR-0014,LTBJ
TR-0215,LTBQ
TR-0215,TR-0013
TR-0215,LTBO
LTAX,LTCP
LTAX,TR-0120
TR-0038,TR-0036
TR-0038,TR-0014
LTAV,LTCM
LTAV,TR-0029
TR-0018,LT86
TR-0018,LTCP
TR-0018,LTCI
LTBA,LTBC
LTBA,TR-0030
LTBA,TR-0011
LT86,LTCI
LT86,TR-0018
LT86,LTCN
LTDA,LTBD
LTDA,TR-0036
TR-0120,LTAX
TR-0120,LTCJ
TR-0120,LTAH
LTBD,LTBO
LTBD,LTDA
LTBC,TR-0013
LTBC,LTBA
LTBJ,LFTO
LTBJ,LTCN
LTBJ,TR-0014
LTBQ,LTCE
LTBQ,TR-0215
LTBQ,TR-0002
LTBO,TR-0011
LTBO,LTBD
LTBO,LTBZ
LTBO,TR-0215
TR-0002,LTAH
TR-0002,LTCL
TR-0002,LTBQ
TR-0002,LTCM
TR-0002,TR-0013
TR-0002,LTAP
LTBR,TR-0030
LTBR,TR-0011
LTBR,TR-0029
TR-0029,LTAV
TR-0029,LTBZ
TR-0029,LTCJ
TR-0029,LTBR
