from,to
LTBZ,TR-0029
LTBZ,LTCS
LTBZ,LFTO
LTBZ,LTCE
LTBZ,LTBP
TR-0011,LTCG
TR-0011,LTCD
TR-0011,LT86
TR-0032,LTCI
TR-0032,TR-0035
LTCF,LTBG
LTCF,TR-0002
LTCE,LFTO
LTCE,LTBZ
LTAB,LTAP
LTAB,LTBP
LTAB,TR-0038
LTAB,LTBG
LTCD,TR-0011
LTCD,LTAP
LTCJ,LTAX
LTCJ,LTCP
LTCI,LTDA
LTCI,TR-0032
LTCG,TR-0065
LTCG,TR-0011
LTCL,LTCT
LTCL,LTBO
LTCL,LFTO
LTAI,TR-0009
LTAI,TR-0029
LTAI,LTCP
LTAP,LTCD
LTAP,LTAB
LTAP,LTBC
LTCP,LTCJ
LTCP,LTBG
LTCP,LTAI
LFTO,LTAQ
LFTO,LTCE
LFTO,LTBZ
LFTO,LTBC
LFTO,LTCL
LTAM,TR-0013
LTAM,TR-0065
TR-0035,TR-0032
TR-0035,TR-0044
TR-0013,LTBS
TR-0013,LTAM
TR-0037,LTBP
TR-0037,LTCT
LTCT,TR-0037
LTCT,LTCL
LTCT,LT86
LTAQ,TR-0002
LTAQ,LFTO
LTCS,LTBZ
LTCS,LTBU
LTCS,LTDA
TR-0215,LT86
TR-0215,LTBA
TR-0215,LTBQ
LTAX,LTBU
LTAX,LTCJ
TR-0038,LTBQ
TR-0038,LTBS
TR-0038,LTAB
LTBA,TR-0215
LTBA,TR-0009
LTBA,LT86
LT86,TR-0044
LT86,TR-0215
LT86,TR-0011
LT86,LTCT
LT86,LTBA
LTDA,LTBO
LTDA,LTCI
LTDA,LTCS
LTDA,TR-0065
TR-0044,TR-0035
TR-0044,LT86
TR-0065,LTAM
TR-0065,LTCG
TR-0065,LTDA
LTBC,LTBQ
LTBC,LTAP
LTBC,LFTO
LTBG,LTCP
LTBG,LTCF
LTBG,LTAB
TR-0009,LTBA
TR-0009,LTAI
TR-0009,LTBO
LTBQ,LTBC
LTBQ,TR-0038
LTBQ,TR-0215
LTBP,LTAB
LTBP,TR-0037
LTBP,LTBZ
LTBO,LTCL
LTBO,LTDA
LTBO,TR-0009
TR-0002,LTCF
TR-0002,LTAQ
LTBU,LTCS
LTBU,LTAX
LTBU,TR-0029
LTBS,TR-0038
LTBS,TR-0013
TR-0029,LTAI
TR-0029,LTBZ
TR-0029,LTBU
